--
-- PostgreSQL database dump
--

-- Dumped from database version 15.4
-- Dumped by pg_dump version 15.4

SET statement_timeout = 0;
SET lock_timeout = 0;
SET idle_in_transaction_session_timeout = 0;
SET client_encoding = 'UTF8';
SET standard_conforming_strings = on;
SELECT pg_catalog.set_config('search_path', '', false);
SET check_function_bodies = false;
SET xmloption = content;
SET client_min_messages = warning;
SET row_security = off;

SET default_tablespace = '';

SET default_table_access_method = heap;

--
-- Name: app_client; Type: TABLE; Schema: public; Owner: postgres
--

CREATE TABLE public.app_client (
    user_ptr_id integer NOT NULL,
    phone character varying(20) NOT NULL
);


ALTER TABLE public.app_client OWNER TO postgres;

--
-- Name: app_image; Type: TABLE; Schema: public; Owner: postgres
--

CREATE TABLE public.app_image (
    id uuid NOT NULL,
    file character varying(100) NOT NULL,
    product_id uuid NOT NULL
);


ALTER TABLE public.app_image OWNER TO postgres;

--
-- Name: app_money; Type: TABLE; Schema: public; Owner: postgres
--

CREATE TABLE public.app_money (
    id uuid NOT NULL,
    amount integer NOT NULL,
    currency character varying(3) NOT NULL
);


ALTER TABLE public.app_money OWNER TO postgres;

--
-- Name: app_order; Type: TABLE; Schema: public; Owner: postgres
--

CREATE TABLE public.app_order (
    id uuid NOT NULL,
    client_id integer
);


ALTER TABLE public.app_order OWNER TO postgres;

--
-- Name: app_orderitem; Type: TABLE; Schema: public; Owner: postgres
--

CREATE TABLE public.app_orderitem (
    id uuid NOT NULL,
    quantity integer NOT NULL,
    order_id uuid NOT NULL,
    product_id uuid
);


ALTER TABLE public.app_orderitem OWNER TO postgres;

--
-- Name: app_product; Type: TABLE; Schema: public; Owner: postgres
--

CREATE TABLE public.app_product (
    id uuid NOT NULL,
    name character varying(512) NOT NULL,
    description character varying(4096) NOT NULL,
    price_discount_id uuid,
    price_standard_id uuid NOT NULL,
    available_quantity integer NOT NULL
);


ALTER TABLE public.app_product OWNER TO postgres;

--
-- Name: auth_group; Type: TABLE; Schema: public; Owner: postgres
--

CREATE TABLE public.auth_group (
    id integer NOT NULL,
    name character varying(150) NOT NULL
);


ALTER TABLE public.auth_group OWNER TO postgres;

--
-- Name: auth_group_id_seq; Type: SEQUENCE; Schema: public; Owner: postgres
--

ALTER TABLE public.auth_group ALTER COLUMN id ADD GENERATED BY DEFAULT AS IDENTITY (
    SEQUENCE NAME public.auth_group_id_seq
    START WITH 1
    INCREMENT BY 1
    NO MINVALUE
    NO MAXVALUE
    CACHE 1
);


--
-- Name: auth_group_permissions; Type: TABLE; Schema: public; Owner: postgres
--

CREATE TABLE public.auth_group_permissions (
    id bigint NOT NULL,
    group_id integer NOT NULL,
    permission_id integer NOT NULL
);


ALTER TABLE public.auth_group_permissions OWNER TO postgres;

--
-- Name: auth_group_permissions_id_seq; Type: SEQUENCE; Schema: public; Owner: postgres
--

ALTER TABLE public.auth_group_permissions ALTER COLUMN id ADD GENERATED BY DEFAULT AS IDENTITY (
    SEQUENCE NAME public.auth_group_permissions_id_seq
    START WITH 1
    INCREMENT BY 1
    NO MINVALUE
    NO MAXVALUE
    CACHE 1
);


--
-- Name: auth_permission; Type: TABLE; Schema: public; Owner: postgres
--

CREATE TABLE public.auth_permission (
    id integer NOT NULL,
    name character varying(255) NOT NULL,
    content_type_id integer NOT NULL,
    codename character varying(100) NOT NULL
);


ALTER TABLE public.auth_permission OWNER TO postgres;

--
-- Name: auth_permission_id_seq; Type: SEQUENCE; Schema: public; Owner: postgres
--

ALTER TABLE public.auth_permission ALTER COLUMN id ADD GENERATED BY DEFAULT AS IDENTITY (
    SEQUENCE NAME public.auth_permission_id_seq
    START WITH 1
    INCREMENT BY 1
    NO MINVALUE
    NO MAXVALUE
    CACHE 1
);


--
-- Name: auth_user; Type: TABLE; Schema: public; Owner: postgres
--

CREATE TABLE public.auth_user (
    id integer NOT NULL,
    password character varying(128) NOT NULL,
    last_login timestamp with time zone,
    is_superuser boolean NOT NULL,
    username character varying(150) NOT NULL,
    first_name character varying(150) NOT NULL,
    last_name character varying(150) NOT NULL,
    email character varying(254) NOT NULL,
    is_staff boolean NOT NULL,
    is_active boolean NOT NULL,
    date_joined timestamp with time zone NOT NULL
);


ALTER TABLE public.auth_user OWNER TO postgres;

--
-- Name: auth_user_groups; Type: TABLE; Schema: public; Owner: postgres
--

CREATE TABLE public.auth_user_groups (
    id bigint NOT NULL,
    user_id integer NOT NULL,
    group_id integer NOT NULL
);


ALTER TABLE public.auth_user_groups OWNER TO postgres;

--
-- Name: auth_user_groups_id_seq; Type: SEQUENCE; Schema: public; Owner: postgres
--

ALTER TABLE public.auth_user_groups ALTER COLUMN id ADD GENERATED BY DEFAULT AS IDENTITY (
    SEQUENCE NAME public.auth_user_groups_id_seq
    START WITH 1
    INCREMENT BY 1
    NO MINVALUE
    NO MAXVALUE
    CACHE 1
);


--
-- Name: auth_user_id_seq; Type: SEQUENCE; Schema: public; Owner: postgres
--

ALTER TABLE public.auth_user ALTER COLUMN id ADD GENERATED BY DEFAULT AS IDENTITY (
    SEQUENCE NAME public.auth_user_id_seq
    START WITH 1
    INCREMENT BY 1
    NO MINVALUE
    NO MAXVALUE
    CACHE 1
);


--
-- Name: auth_user_user_permissions; Type: TABLE; Schema: public; Owner: postgres
--

CREATE TABLE public.auth_user_user_permissions (
    id bigint NOT NULL,
    user_id integer NOT NULL,
    permission_id integer NOT NULL
);


ALTER TABLE public.auth_user_user_permissions OWNER TO postgres;

--
-- Name: auth_user_user_permissions_id_seq; Type: SEQUENCE; Schema: public; Owner: postgres
--

ALTER TABLE public.auth_user_user_permissions ALTER COLUMN id ADD GENERATED BY DEFAULT AS IDENTITY (
    SEQUENCE NAME public.auth_user_user_permissions_id_seq
    START WITH 1
    INCREMENT BY 1
    NO MINVALUE
    NO MAXVALUE
    CACHE 1
);


--
-- Name: django_admin_log; Type: TABLE; Schema: public; Owner: postgres
--

CREATE TABLE public.django_admin_log (
    id integer NOT NULL,
    action_time timestamp with time zone NOT NULL,
    object_id text,
    object_repr character varying(200) NOT NULL,
    action_flag smallint NOT NULL,
    change_message text NOT NULL,
    content_type_id integer,
    user_id integer NOT NULL,
    CONSTRAINT django_admin_log_action_flag_check CHECK ((action_flag >= 0))
);


ALTER TABLE public.django_admin_log OWNER TO postgres;

--
-- Name: django_admin_log_id_seq; Type: SEQUENCE; Schema: public; Owner: postgres
--

ALTER TABLE public.django_admin_log ALTER COLUMN id ADD GENERATED BY DEFAULT AS IDENTITY (
    SEQUENCE NAME public.django_admin_log_id_seq
    START WITH 1
    INCREMENT BY 1
    NO MINVALUE
    NO MAXVALUE
    CACHE 1
);


--
-- Name: django_content_type; Type: TABLE; Schema: public; Owner: postgres
--

CREATE TABLE public.django_content_type (
    id integer NOT NULL,
    app_label character varying(100) NOT NULL,
    model character varying(100) NOT NULL
);


ALTER TABLE public.django_content_type OWNER TO postgres;

--
-- Name: django_content_type_id_seq; Type: SEQUENCE; Schema: public; Owner: postgres
--

ALTER TABLE public.django_content_type ALTER COLUMN id ADD GENERATED BY DEFAULT AS IDENTITY (
    SEQUENCE NAME public.django_content_type_id_seq
    START WITH 1
    INCREMENT BY 1
    NO MINVALUE
    NO MAXVALUE
    CACHE 1
);


--
-- Name: django_migrations; Type: TABLE; Schema: public; Owner: postgres
--

CREATE TABLE public.django_migrations (
    id bigint NOT NULL,
    app character varying(255) NOT NULL,
    name character varying(255) NOT NULL,
    applied timestamp with time zone NOT NULL
);


ALTER TABLE public.django_migrations OWNER TO postgres;

--
-- Name: django_migrations_id_seq; Type: SEQUENCE; Schema: public; Owner: postgres
--

ALTER TABLE public.django_migrations ALTER COLUMN id ADD GENERATED BY DEFAULT AS IDENTITY (
    SEQUENCE NAME public.django_migrations_id_seq
    START WITH 1
    INCREMENT BY 1
    NO MINVALUE
    NO MAXVALUE
    CACHE 1
);


--
-- Name: django_session; Type: TABLE; Schema: public; Owner: postgres
--

CREATE TABLE public.django_session (
    session_key character varying(40) NOT NULL,
    session_data text NOT NULL,
    expire_date timestamp with time zone NOT NULL
);


ALTER TABLE public.django_session OWNER TO postgres;

--
-- Data for Name: app_client; Type: TABLE DATA; Schema: public; Owner: postgres
--

COPY public.app_client (user_ptr_id, phone) FROM stdin;
2	111111
4	2345
5	23456
6	12345677
7	12341232131
8	123
9	
10	999991
11	999992
12	999993
13	999994
14	999995
15	999996
16	9999997
17	999998
18	9999930
19	9999931
20	99999932
21	99999933
22	99999934
23	99999935
\.


--
-- Data for Name: app_image; Type: TABLE DATA; Schema: public; Owner: postgres
--

COPY public.app_image (id, file, product_id) FROM stdin;
f2df32d6-1494-4517-a7a2-75c38de6fa51	il-box_VHhjOx5.png	0d88398a-22d7-46eb-9195-5fa15f01f82b
\.


--
-- Data for Name: app_money; Type: TABLE DATA; Schema: public; Owner: postgres
--

COPY public.app_money (id, amount, currency) FROM stdin;
b3ff5ad7-5a69-4a96-92ae-54c7b20cf67a	100	EUR
\.


--
-- Data for Name: app_order; Type: TABLE DATA; Schema: public; Owner: postgres
--

COPY public.app_order (id, client_id) FROM stdin;
5f758740-df78-4fb5-9daf-f038e05befea	2
0e29b20d-b4e5-47e4-942b-1f34b4f6086e	4
354d822e-0671-446d-8b03-b390e84a2ae1	4
2b3e150c-47d4-4424-bb19-83543507da87	4
4961ff36-0cec-401e-976d-67bf53d45f9a	5
b3609180-c9fc-440f-b6bd-1899f6e6f9c1	6
01c78a9d-8d00-4dda-ba67-38f60ae3cc8e	7
1fc15798-a76b-4530-871c-565663d2d481	8
b55c6875-bb78-422a-9cd1-3832188a0649	8
e3dad8c7-db77-4119-8d28-f4e0c0ab697c	9
6146bc50-ef2c-4584-87e9-8bf4ed514ca5	10
e4de345b-6639-4708-8f71-c9d6442a71c6	11
f79b578d-72eb-49a6-a419-4ec4efd263ca	12
531436a4-e156-42b7-a8a2-d933a7fc610e	13
7e71fad5-65c7-42c0-b1e1-9857b7ec13ff	14
2a87cfd8-d7d1-40f4-aeee-2803641e4910	15
3c63deff-66e2-47c5-b17e-e425933fe816	16
0bbce3c0-cf8b-460f-bb87-16f4dba38e0d	17
af940300-57d6-4100-9e5a-0ebc00f2b005	18
83899023-3b5a-4bd1-8459-7c34f2d12c03	19
63055c6b-ddc7-43bb-b00d-2581a91e0142	20
bc6ab438-9924-4d57-8c60-b0c656a8e274	21
c9012697-0ae8-4dd1-b349-29db873d9574	22
be21a923-f4bc-4fad-bc3d-6c52cb2c1928	23
\.


--
-- Data for Name: app_orderitem; Type: TABLE DATA; Schema: public; Owner: postgres
--

COPY public.app_orderitem (id, quantity, order_id, product_id) FROM stdin;
576cf345-9c4c-4e70-8b34-f0c329028a1f	1	5f758740-df78-4fb5-9daf-f038e05befea	0d88398a-22d7-46eb-9195-5fa15f01f82b
3c523f50-e55a-4948-af41-d50ad2e6f236	1	0e29b20d-b4e5-47e4-942b-1f34b4f6086e	0d88398a-22d7-46eb-9195-5fa15f01f82b
d4516b71-3de5-41d4-93ef-6b195543562c	1	354d822e-0671-446d-8b03-b390e84a2ae1	0d88398a-22d7-46eb-9195-5fa15f01f82b
80f01b57-ad46-4d1b-aa03-de54f5d507a8	1	2b3e150c-47d4-4424-bb19-83543507da87	0d88398a-22d7-46eb-9195-5fa15f01f82b
1c294862-b2d4-49f9-83e1-08b7ca1ba9b6	1	4961ff36-0cec-401e-976d-67bf53d45f9a	0d88398a-22d7-46eb-9195-5fa15f01f82b
8d06c54d-8588-4519-b49f-44358369db32	1	b3609180-c9fc-440f-b6bd-1899f6e6f9c1	0d88398a-22d7-46eb-9195-5fa15f01f82b
aa6adc00-e169-4be5-a7de-66ecbe0041cd	1	01c78a9d-8d00-4dda-ba67-38f60ae3cc8e	0d88398a-22d7-46eb-9195-5fa15f01f82b
2266c0b1-8768-4554-aeff-5d74a82e95a4	1	1fc15798-a76b-4530-871c-565663d2d481	0d88398a-22d7-46eb-9195-5fa15f01f82b
156baac6-79f3-4937-be86-78c947d3ff83	1	b55c6875-bb78-422a-9cd1-3832188a0649	0d88398a-22d7-46eb-9195-5fa15f01f82b
3b7f3b7a-f0d2-4874-91e9-663b18e13e66	1	e3dad8c7-db77-4119-8d28-f4e0c0ab697c	0d88398a-22d7-46eb-9195-5fa15f01f82b
3e5184e1-a73b-4974-8a6d-fc5f6f6d6659	1	6146bc50-ef2c-4584-87e9-8bf4ed514ca5	0d88398a-22d7-46eb-9195-5fa15f01f82b
c5fd2253-012d-43f8-94a6-b4f64ba28c91	1	e4de345b-6639-4708-8f71-c9d6442a71c6	0d88398a-22d7-46eb-9195-5fa15f01f82b
f3e8c48a-7c38-4c48-a11f-1764916535ce	1	f79b578d-72eb-49a6-a419-4ec4efd263ca	0d88398a-22d7-46eb-9195-5fa15f01f82b
46f4114b-b64b-42c3-85b3-0d7552e6d610	1	531436a4-e156-42b7-a8a2-d933a7fc610e	0d88398a-22d7-46eb-9195-5fa15f01f82b
8e2c247e-8017-44af-9c03-bffd5e9ec533	1	7e71fad5-65c7-42c0-b1e1-9857b7ec13ff	0d88398a-22d7-46eb-9195-5fa15f01f82b
18783f5f-cd2f-4454-90f8-23b03b01ac9a	1	2a87cfd8-d7d1-40f4-aeee-2803641e4910	0d88398a-22d7-46eb-9195-5fa15f01f82b
16b75c12-68c5-4078-87fb-66cd4291fe66	1	3c63deff-66e2-47c5-b17e-e425933fe816	0d88398a-22d7-46eb-9195-5fa15f01f82b
84d5a09a-3ca4-441f-b38f-083445ab8c62	1	0bbce3c0-cf8b-460f-bb87-16f4dba38e0d	0d88398a-22d7-46eb-9195-5fa15f01f82b
2d88da30-e00f-4383-aa36-f2256313526e	1	af940300-57d6-4100-9e5a-0ebc00f2b005	0d88398a-22d7-46eb-9195-5fa15f01f82b
da7395f7-c558-47fb-8b4d-6f656d878101	1	83899023-3b5a-4bd1-8459-7c34f2d12c03	0d88398a-22d7-46eb-9195-5fa15f01f82b
55767243-1395-486d-b838-e96d719e52fd	1	63055c6b-ddc7-43bb-b00d-2581a91e0142	0d88398a-22d7-46eb-9195-5fa15f01f82b
0a94fcb7-4789-42ed-bef0-5c2a0f5f8f01	1	bc6ab438-9924-4d57-8c60-b0c656a8e274	0d88398a-22d7-46eb-9195-5fa15f01f82b
896f80d5-f00d-42f2-8622-e043b4cbda16	1	c9012697-0ae8-4dd1-b349-29db873d9574	0d88398a-22d7-46eb-9195-5fa15f01f82b
2b845e4c-e8ee-4c3c-8c4e-7a704c916625	1	be21a923-f4bc-4fad-bc3d-6c52cb2c1928	0d88398a-22d7-46eb-9195-5fa15f01f82b
\.


--
-- Data for Name: app_product; Type: TABLE DATA; Schema: public; Owner: postgres
--

COPY public.app_product (id, name, description, price_discount_id, price_standard_id, available_quantity) FROM stdin;
0d88398a-22d7-46eb-9195-5fa15f01f82b	Test name from Form 1	Description	\N	b3ff5ad7-5a69-4a96-92ae-54c7b20cf67a	0
\.


--
-- Data for Name: auth_group; Type: TABLE DATA; Schema: public; Owner: postgres
--

COPY public.auth_group (id, name) FROM stdin;
\.


--
-- Data for Name: auth_group_permissions; Type: TABLE DATA; Schema: public; Owner: postgres
--

COPY public.auth_group_permissions (id, group_id, permission_id) FROM stdin;
\.


--
-- Data for Name: auth_permission; Type: TABLE DATA; Schema: public; Owner: postgres
--

COPY public.auth_permission (id, name, content_type_id, codename) FROM stdin;
1	Can add log entry	1	add_logentry
2	Can change log entry	1	change_logentry
3	Can delete log entry	1	delete_logentry
4	Can view log entry	1	view_logentry
5	Can add permission	2	add_permission
6	Can change permission	2	change_permission
7	Can delete permission	2	delete_permission
8	Can view permission	2	view_permission
9	Can add group	3	add_group
10	Can change group	3	change_group
11	Can delete group	3	delete_group
12	Can view group	3	view_group
13	Can add user	4	add_user
14	Can change user	4	change_user
15	Can delete user	4	delete_user
16	Can view user	4	view_user
17	Can add content type	5	add_contenttype
18	Can change content type	5	change_contenttype
19	Can delete content type	5	delete_contenttype
20	Can view content type	5	view_contenttype
21	Can add session	6	add_session
22	Can change session	6	change_session
23	Can delete session	6	delete_session
24	Can view session	6	view_session
25	Can add money	7	add_money
26	Can change money	7	change_money
27	Can delete money	7	delete_money
28	Can view money	7	view_money
29	Can add product	8	add_product
30	Can change product	8	change_product
31	Can delete product	8	delete_product
32	Can view product	8	view_product
33	Can add order	9	add_order
34	Can change order	9	change_order
35	Can delete order	9	delete_order
36	Can view order	9	view_order
37	Can add order item	10	add_orderitem
38	Can change order item	10	change_orderitem
39	Can delete order item	10	delete_orderitem
40	Can view order item	10	view_orderitem
41	Can add image	11	add_image
42	Can change image	11	change_image
43	Can delete image	11	delete_image
44	Can view image	11	view_image
45	Can add client	12	add_client
46	Can change client	12	change_client
47	Can delete client	12	delete_client
48	Can view client	12	view_client
\.


--
-- Data for Name: auth_user; Type: TABLE DATA; Schema: public; Owner: postgres
--

COPY public.auth_user (id, password, last_login, is_superuser, username, first_name, last_name, email, is_staff, is_active, date_joined) FROM stdin;
2		\N	f				firstemail@example.host	f	t	2024-03-06 06:24:16.43074+00
4		\N	f	test3@email.example			test3@email.example	f	t	2024-03-07 06:24:35.715693+00
5		\N	f	test6@email.example			test6@email.example	f	t	2024-03-07 06:42:37.483318+00
6		\N	f	test7@email.example			test7@email.example	f	t	2024-03-07 06:48:14.732376+00
7		\N	f	test8@email.example			test8@email.example	f	t	2024-03-07 06:49:10.833049+00
8		\N	f	j33@example.host			j33@example.host	f	t	2024-03-13 06:42:11.295486+00
9		\N	f	jjj@example.host			jjj@example.host	f	t	2024-03-13 07:16:56.818311+00
10		\N	f	test20@example.host			test20@example.host	f	t	2024-03-16 06:29:01.077501+00
11		\N	f	test21@example.host			test21@example.host	f	t	2024-03-16 06:31:17.828056+00
12		\N	f	test22@example.host			test22@example.host	f	t	2024-03-16 06:33:14.086646+00
13		\N	f	test3@example.host			test3@example.host	f	t	2024-03-16 06:33:55.614706+00
14		\N	f	test23@exampl.host			test23@exampl.host	f	t	2024-03-16 06:35:11.979786+00
15		\N	f	test24@example.host			test24@example.host	f	t	2024-03-16 06:40:31.827958+00
16		\N	f	test25@example.host			test25@example.host	f	t	2024-03-16 06:41:19.941013+00
17		\N	f	test27@example.host			test27@example.host	f	t	2024-03-16 06:45:23.178374+00
18		\N	f	test30@example.host			test30@example.host	f	t	2024-03-16 07:18:43.226041+00
19		\N	f	test31@example.host			test31@example.host	f	t	2024-03-16 07:29:27.265263+00
20		\N	f	test32@example.host			test32@example.host	f	t	2024-03-16 07:32:06.131106+00
21		\N	f	test33@example.host			test33@example.host	f	t	2024-03-16 07:36:32.257625+00
22		\N	f	test34@example.host			test34@example.host	f	t	2024-03-16 07:37:46.570425+00
23		\N	f	test35@example.host			test35@example.host	f	t	2024-03-16 07:39:05.17325+00
\.


--
-- Data for Name: auth_user_groups; Type: TABLE DATA; Schema: public; Owner: postgres
--

COPY public.auth_user_groups (id, user_id, group_id) FROM stdin;
\.


--
-- Data for Name: auth_user_user_permissions; Type: TABLE DATA; Schema: public; Owner: postgres
--

COPY public.auth_user_user_permissions (id, user_id, permission_id) FROM stdin;
\.


--
-- Data for Name: django_admin_log; Type: TABLE DATA; Schema: public; Owner: postgres
--

COPY public.django_admin_log (id, action_time, object_id, object_repr, action_flag, change_message, content_type_id, user_id) FROM stdin;
\.


--
-- Data for Name: django_content_type; Type: TABLE DATA; Schema: public; Owner: postgres
--

COPY public.django_content_type (id, app_label, model) FROM stdin;
1	admin	logentry
2	auth	permission
3	auth	group
4	auth	user
5	contenttypes	contenttype
6	sessions	session
7	app	money
8	app	product
9	app	order
10	app	orderitem
11	app	image
12	app	client
\.


--
-- Data for Name: django_migrations; Type: TABLE DATA; Schema: public; Owner: postgres
--

COPY public.django_migrations (id, app, name, applied) FROM stdin;
1	contenttypes	0001_initial	2024-01-10 07:55:49.096867+00
2	auth	0001_initial	2024-01-10 07:55:49.209112+00
3	admin	0001_initial	2024-01-10 07:55:49.224304+00
4	admin	0002_logentry_remove_auto_add	2024-01-10 07:55:49.228257+00
5	admin	0003_logentry_add_action_flag_choices	2024-01-10 07:55:49.23296+00
6	app	0001_initial	2024-01-10 07:55:49.249658+00
7	contenttypes	0002_remove_content_type_name	2024-01-10 07:55:49.259344+00
8	auth	0002_alter_permission_name_max_length	2024-01-10 07:55:49.26403+00
9	auth	0003_alter_user_email_max_length	2024-01-10 07:55:49.268723+00
10	auth	0004_alter_user_username_opts	2024-01-10 07:55:49.273261+00
11	auth	0005_alter_user_last_login_null	2024-01-10 07:55:49.277859+00
12	auth	0006_require_contenttypes_0002	2024-01-10 07:55:49.27904+00
13	auth	0007_alter_validators_add_error_messages	2024-01-10 07:55:49.283017+00
14	auth	0008_alter_user_username_max_length	2024-01-10 07:55:49.292165+00
15	auth	0009_alter_user_last_name_max_length	2024-01-10 07:55:49.296897+00
16	auth	0010_alter_group_name_max_length	2024-01-10 07:55:49.30419+00
17	auth	0011_update_proxy_permissions	2024-01-10 07:55:49.308984+00
18	auth	0012_alter_user_first_name_max_length	2024-01-10 07:55:49.314164+00
19	sessions	0001_initial	2024-01-10 07:55:49.32484+00
20	app	0002_product_available_quantity	2024-01-16 18:24:24.746442+00
21	app	0003_order	2024-01-19 06:02:48.147576+00
22	app	0004_alter_product_price_discount	2024-01-19 06:16:45.476139+00
23	app	0005_orderitem	2024-01-19 07:25:19.195845+00
24	app	0006_alter_orderitem_product	2024-01-25 18:35:00.094229+00
25	app	0007_alter_product_image	2024-02-15 05:28:02.262185+00
26	app	0008_remove_product_image_image	2024-02-15 05:37:13.105328+00
27	app	0009_rename_image_image_file	2024-02-15 05:48:56.610742+00
28	app	0010_client_order_client	2024-02-28 07:25:21.323197+00
29	app	0011_alter_order_client	2024-02-28 07:25:21.344255+00
30	app	0012_delete_client_client_alter_order_client	2024-02-28 07:32:50.536995+00
31	app	0013_alter_order_client	2024-03-06 06:22:28.584513+00
\.


--
-- Data for Name: django_session; Type: TABLE DATA; Schema: public; Owner: postgres
--

COPY public.django_session (session_key, session_data, expire_date) FROM stdin;
\.


--
-- Name: auth_group_id_seq; Type: SEQUENCE SET; Schema: public; Owner: postgres
--

SELECT pg_catalog.setval('public.auth_group_id_seq', 1, false);


--
-- Name: auth_group_permissions_id_seq; Type: SEQUENCE SET; Schema: public; Owner: postgres
--

SELECT pg_catalog.setval('public.auth_group_permissions_id_seq', 1, false);


--
-- Name: auth_permission_id_seq; Type: SEQUENCE SET; Schema: public; Owner: postgres
--

SELECT pg_catalog.setval('public.auth_permission_id_seq', 48, true);


--
-- Name: auth_user_groups_id_seq; Type: SEQUENCE SET; Schema: public; Owner: postgres
--

SELECT pg_catalog.setval('public.auth_user_groups_id_seq', 1, false);


--
-- Name: auth_user_id_seq; Type: SEQUENCE SET; Schema: public; Owner: postgres
--

SELECT pg_catalog.setval('public.auth_user_id_seq', 23, true);


--
-- Name: auth_user_user_permissions_id_seq; Type: SEQUENCE SET; Schema: public; Owner: postgres
--

SELECT pg_catalog.setval('public.auth_user_user_permissions_id_seq', 1, false);


--
-- Name: django_admin_log_id_seq; Type: SEQUENCE SET; Schema: public; Owner: postgres
--

SELECT pg_catalog.setval('public.django_admin_log_id_seq', 1, false);


--
-- Name: django_content_type_id_seq; Type: SEQUENCE SET; Schema: public; Owner: postgres
--

SELECT pg_catalog.setval('public.django_content_type_id_seq', 12, true);


--
-- Name: django_migrations_id_seq; Type: SEQUENCE SET; Schema: public; Owner: postgres
--

SELECT pg_catalog.setval('public.django_migrations_id_seq', 31, true);


--
-- Name: app_client app_client_pkey; Type: CONSTRAINT; Schema: public; Owner: postgres
--

ALTER TABLE ONLY public.app_client
    ADD CONSTRAINT app_client_pkey PRIMARY KEY (user_ptr_id);


--
-- Name: app_image app_image_pkey; Type: CONSTRAINT; Schema: public; Owner: postgres
--

ALTER TABLE ONLY public.app_image
    ADD CONSTRAINT app_image_pkey PRIMARY KEY (id);


--
-- Name: app_money app_money_pkey; Type: CONSTRAINT; Schema: public; Owner: postgres
--

ALTER TABLE ONLY public.app_money
    ADD CONSTRAINT app_money_pkey PRIMARY KEY (id);


--
-- Name: app_order app_order_pkey; Type: CONSTRAINT; Schema: public; Owner: postgres
--

ALTER TABLE ONLY public.app_order
    ADD CONSTRAINT app_order_pkey PRIMARY KEY (id);


--
-- Name: app_orderitem app_orderitem_pkey; Type: CONSTRAINT; Schema: public; Owner: postgres
--

ALTER TABLE ONLY public.app_orderitem
    ADD CONSTRAINT app_orderitem_pkey PRIMARY KEY (id);


--
-- Name: app_product app_product_pkey; Type: CONSTRAINT; Schema: public; Owner: postgres
--

ALTER TABLE ONLY public.app_product
    ADD CONSTRAINT app_product_pkey PRIMARY KEY (id);


--
-- Name: app_product app_product_price_discount_id_key; Type: CONSTRAINT; Schema: public; Owner: postgres
--

ALTER TABLE ONLY public.app_product
    ADD CONSTRAINT app_product_price_discount_id_key UNIQUE (price_discount_id);


--
-- Name: app_product app_product_price_standard_id_key; Type: CONSTRAINT; Schema: public; Owner: postgres
--

ALTER TABLE ONLY public.app_product
    ADD CONSTRAINT app_product_price_standard_id_key UNIQUE (price_standard_id);


--
-- Name: auth_group auth_group_name_key; Type: CONSTRAINT; Schema: public; Owner: postgres
--

ALTER TABLE ONLY public.auth_group
    ADD CONSTRAINT auth_group_name_key UNIQUE (name);


--
-- Name: auth_group_permissions auth_group_permissions_group_id_permission_id_0cd325b0_uniq; Type: CONSTRAINT; Schema: public; Owner: postgres
--

ALTER TABLE ONLY public.auth_group_permissions
    ADD CONSTRAINT auth_group_permissions_group_id_permission_id_0cd325b0_uniq UNIQUE (group_id, permission_id);


--
-- Name: auth_group_permissions auth_group_permissions_pkey; Type: CONSTRAINT; Schema: public; Owner: postgres
--

ALTER TABLE ONLY public.auth_group_permissions
    ADD CONSTRAINT auth_group_permissions_pkey PRIMARY KEY (id);


--
-- Name: auth_group auth_group_pkey; Type: CONSTRAINT; Schema: public; Owner: postgres
--

ALTER TABLE ONLY public.auth_group
    ADD CONSTRAINT auth_group_pkey PRIMARY KEY (id);


--
-- Name: auth_permission auth_permission_content_type_id_codename_01ab375a_uniq; Type: CONSTRAINT; Schema: public; Owner: postgres
--

ALTER TABLE ONLY public.auth_permission
    ADD CONSTRAINT auth_permission_content_type_id_codename_01ab375a_uniq UNIQUE (content_type_id, codename);


--
-- Name: auth_permission auth_permission_pkey; Type: CONSTRAINT; Schema: public; Owner: postgres
--

ALTER TABLE ONLY public.auth_permission
    ADD CONSTRAINT auth_permission_pkey PRIMARY KEY (id);


--
-- Name: auth_user_groups auth_user_groups_pkey; Type: CONSTRAINT; Schema: public; Owner: postgres
--

ALTER TABLE ONLY public.auth_user_groups
    ADD CONSTRAINT auth_user_groups_pkey PRIMARY KEY (id);


--
-- Name: auth_user_groups auth_user_groups_user_id_group_id_94350c0c_uniq; Type: CONSTRAINT; Schema: public; Owner: postgres
--

ALTER TABLE ONLY public.auth_user_groups
    ADD CONSTRAINT auth_user_groups_user_id_group_id_94350c0c_uniq UNIQUE (user_id, group_id);


--
-- Name: auth_user auth_user_pkey; Type: CONSTRAINT; Schema: public; Owner: postgres
--

ALTER TABLE ONLY public.auth_user
    ADD CONSTRAINT auth_user_pkey PRIMARY KEY (id);


--
-- Name: auth_user_user_permissions auth_user_user_permissions_pkey; Type: CONSTRAINT; Schema: public; Owner: postgres
--

ALTER TABLE ONLY public.auth_user_user_permissions
    ADD CONSTRAINT auth_user_user_permissions_pkey PRIMARY KEY (id);


--
-- Name: auth_user_user_permissions auth_user_user_permissions_user_id_permission_id_14a6b632_uniq; Type: CONSTRAINT; Schema: public; Owner: postgres
--

ALTER TABLE ONLY public.auth_user_user_permissions
    ADD CONSTRAINT auth_user_user_permissions_user_id_permission_id_14a6b632_uniq UNIQUE (user_id, permission_id);


--
-- Name: auth_user auth_user_username_key; Type: CONSTRAINT; Schema: public; Owner: postgres
--

ALTER TABLE ONLY public.auth_user
    ADD CONSTRAINT auth_user_username_key UNIQUE (username);


--
-- Name: django_admin_log django_admin_log_pkey; Type: CONSTRAINT; Schema: public; Owner: postgres
--

ALTER TABLE ONLY public.django_admin_log
    ADD CONSTRAINT django_admin_log_pkey PRIMARY KEY (id);


--
-- Name: django_content_type django_content_type_app_label_model_76bd3d3b_uniq; Type: CONSTRAINT; Schema: public; Owner: postgres
--

ALTER TABLE ONLY public.django_content_type
    ADD CONSTRAINT django_content_type_app_label_model_76bd3d3b_uniq UNIQUE (app_label, model);


--
-- Name: django_content_type django_content_type_pkey; Type: CONSTRAINT; Schema: public; Owner: postgres
--

ALTER TABLE ONLY public.django_content_type
    ADD CONSTRAINT django_content_type_pkey PRIMARY KEY (id);


--
-- Name: django_migrations django_migrations_pkey; Type: CONSTRAINT; Schema: public; Owner: postgres
--

ALTER TABLE ONLY public.django_migrations
    ADD CONSTRAINT django_migrations_pkey PRIMARY KEY (id);


--
-- Name: django_session django_session_pkey; Type: CONSTRAINT; Schema: public; Owner: postgres
--

ALTER TABLE ONLY public.django_session
    ADD CONSTRAINT django_session_pkey PRIMARY KEY (session_key);


--
-- Name: app_image_product_id_bc91e206; Type: INDEX; Schema: public; Owner: postgres
--

CREATE INDEX app_image_product_id_bc91e206 ON public.app_image USING btree (product_id);


--
-- Name: app_order_client_id_ec56fda0; Type: INDEX; Schema: public; Owner: postgres
--

CREATE INDEX app_order_client_id_ec56fda0 ON public.app_order USING btree (client_id);


--
-- Name: app_orderitem_order_id_41257a1b; Type: INDEX; Schema: public; Owner: postgres
--

CREATE INDEX app_orderitem_order_id_41257a1b ON public.app_orderitem USING btree (order_id);


--
-- Name: app_orderitem_product_id_5f40ddb0; Type: INDEX; Schema: public; Owner: postgres
--

CREATE INDEX app_orderitem_product_id_5f40ddb0 ON public.app_orderitem USING btree (product_id);


--
-- Name: auth_group_name_a6ea08ec_like; Type: INDEX; Schema: public; Owner: postgres
--

CREATE INDEX auth_group_name_a6ea08ec_like ON public.auth_group USING btree (name varchar_pattern_ops);


--
-- Name: auth_group_permissions_group_id_b120cbf9; Type: INDEX; Schema: public; Owner: postgres
--

CREATE INDEX auth_group_permissions_group_id_b120cbf9 ON public.auth_group_permissions USING btree (group_id);


--
-- Name: auth_group_permissions_permission_id_84c5c92e; Type: INDEX; Schema: public; Owner: postgres
--

CREATE INDEX auth_group_permissions_permission_id_84c5c92e ON public.auth_group_permissions USING btree (permission_id);


--
-- Name: auth_permission_content_type_id_2f476e4b; Type: INDEX; Schema: public; Owner: postgres
--

CREATE INDEX auth_permission_content_type_id_2f476e4b ON public.auth_permission USING btree (content_type_id);


--
-- Name: auth_user_groups_group_id_97559544; Type: INDEX; Schema: public; Owner: postgres
--

CREATE INDEX auth_user_groups_group_id_97559544 ON public.auth_user_groups USING btree (group_id);


--
-- Name: auth_user_groups_user_id_6a12ed8b; Type: INDEX; Schema: public; Owner: postgres
--

CREATE INDEX auth_user_groups_user_id_6a12ed8b ON public.auth_user_groups USING btree (user_id);


--
-- Name: auth_user_user_permissions_permission_id_1fbb5f2c; Type: INDEX; Schema: public; Owner: postgres
--

CREATE INDEX auth_user_user_permissions_permission_id_1fbb5f2c ON public.auth_user_user_permissions USING btree (permission_id);


--
-- Name: auth_user_user_permissions_user_id_a95ead1b; Type: INDEX; Schema: public; Owner: postgres
--

CREATE INDEX auth_user_user_permissions_user_id_a95ead1b ON public.auth_user_user_permissions USING btree (user_id);


--
-- Name: auth_user_username_6821ab7c_like; Type: INDEX; Schema: public; Owner: postgres
--

CREATE INDEX auth_user_username_6821ab7c_like ON public.auth_user USING btree (username varchar_pattern_ops);


--
-- Name: django_admin_log_content_type_id_c4bce8eb; Type: INDEX; Schema: public; Owner: postgres
--

CREATE INDEX django_admin_log_content_type_id_c4bce8eb ON public.django_admin_log USING btree (content_type_id);


--
-- Name: django_admin_log_user_id_c564eba6; Type: INDEX; Schema: public; Owner: postgres
--

CREATE INDEX django_admin_log_user_id_c564eba6 ON public.django_admin_log USING btree (user_id);


--
-- Name: django_session_expire_date_a5c62663; Type: INDEX; Schema: public; Owner: postgres
--

CREATE INDEX django_session_expire_date_a5c62663 ON public.django_session USING btree (expire_date);


--
-- Name: django_session_session_key_c0390e0f_like; Type: INDEX; Schema: public; Owner: postgres
--

CREATE INDEX django_session_session_key_c0390e0f_like ON public.django_session USING btree (session_key varchar_pattern_ops);


--
-- Name: app_client app_client_user_ptr_id_c25e3bf5_fk_auth_user_id; Type: FK CONSTRAINT; Schema: public; Owner: postgres
--

ALTER TABLE ONLY public.app_client
    ADD CONSTRAINT app_client_user_ptr_id_c25e3bf5_fk_auth_user_id FOREIGN KEY (user_ptr_id) REFERENCES public.auth_user(id) DEFERRABLE INITIALLY DEFERRED;


--
-- Name: app_image app_image_product_id_bc91e206_fk_app_product_id; Type: FK CONSTRAINT; Schema: public; Owner: postgres
--

ALTER TABLE ONLY public.app_image
    ADD CONSTRAINT app_image_product_id_bc91e206_fk_app_product_id FOREIGN KEY (product_id) REFERENCES public.app_product(id) DEFERRABLE INITIALLY DEFERRED;


--
-- Name: app_order app_order_client_id_ec56fda0_fk_app_client_user_ptr_id; Type: FK CONSTRAINT; Schema: public; Owner: postgres
--

ALTER TABLE ONLY public.app_order
    ADD CONSTRAINT app_order_client_id_ec56fda0_fk_app_client_user_ptr_id FOREIGN KEY (client_id) REFERENCES public.app_client(user_ptr_id) DEFERRABLE INITIALLY DEFERRED;


--
-- Name: app_orderitem app_orderitem_order_id_41257a1b_fk_app_order_id; Type: FK CONSTRAINT; Schema: public; Owner: postgres
--

ALTER TABLE ONLY public.app_orderitem
    ADD CONSTRAINT app_orderitem_order_id_41257a1b_fk_app_order_id FOREIGN KEY (order_id) REFERENCES public.app_order(id) DEFERRABLE INITIALLY DEFERRED;


--
-- Name: app_orderitem app_orderitem_product_id_5f40ddb0_fk_app_product_id; Type: FK CONSTRAINT; Schema: public; Owner: postgres
--

ALTER TABLE ONLY public.app_orderitem
    ADD CONSTRAINT app_orderitem_product_id_5f40ddb0_fk_app_product_id FOREIGN KEY (product_id) REFERENCES public.app_product(id) DEFERRABLE INITIALLY DEFERRED;


--
-- Name: app_product app_product_price_discount_id_7dbaaae6_fk_app_money_id; Type: FK CONSTRAINT; Schema: public; Owner: postgres
--

ALTER TABLE ONLY public.app_product
    ADD CONSTRAINT app_product_price_discount_id_7dbaaae6_fk_app_money_id FOREIGN KEY (price_discount_id) REFERENCES public.app_money(id) DEFERRABLE INITIALLY DEFERRED;


--
-- Name: app_product app_product_price_standard_id_d89f3b08_fk_app_money_id; Type: FK CONSTRAINT; Schema: public; Owner: postgres
--

ALTER TABLE ONLY public.app_product
    ADD CONSTRAINT app_product_price_standard_id_d89f3b08_fk_app_money_id FOREIGN KEY (price_standard_id) REFERENCES public.app_money(id) DEFERRABLE INITIALLY DEFERRED;


--
-- Name: auth_group_permissions auth_group_permissio_permission_id_84c5c92e_fk_auth_perm; Type: FK CONSTRAINT; Schema: public; Owner: postgres
--

ALTER TABLE ONLY public.auth_group_permissions
    ADD CONSTRAINT auth_group_permissio_permission_id_84c5c92e_fk_auth_perm FOREIGN KEY (permission_id) REFERENCES public.auth_permission(id) DEFERRABLE INITIALLY DEFERRED;


--
-- Name: auth_group_permissions auth_group_permissions_group_id_b120cbf9_fk_auth_group_id; Type: FK CONSTRAINT; Schema: public; Owner: postgres
--

ALTER TABLE ONLY public.auth_group_permissions
    ADD CONSTRAINT auth_group_permissions_group_id_b120cbf9_fk_auth_group_id FOREIGN KEY (group_id) REFERENCES public.auth_group(id) DEFERRABLE INITIALLY DEFERRED;


--
-- Name: auth_permission auth_permission_content_type_id_2f476e4b_fk_django_co; Type: FK CONSTRAINT; Schema: public; Owner: postgres
--

ALTER TABLE ONLY public.auth_permission
    ADD CONSTRAINT auth_permission_content_type_id_2f476e4b_fk_django_co FOREIGN KEY (content_type_id) REFERENCES public.django_content_type(id) DEFERRABLE INITIALLY DEFERRED;


--
-- Name: auth_user_groups auth_user_groups_group_id_97559544_fk_auth_group_id; Type: FK CONSTRAINT; Schema: public; Owner: postgres
--

ALTER TABLE ONLY public.auth_user_groups
    ADD CONSTRAINT auth_user_groups_group_id_97559544_fk_auth_group_id FOREIGN KEY (group_id) REFERENCES public.auth_group(id) DEFERRABLE INITIALLY DEFERRED;


--
-- Name: auth_user_groups auth_user_groups_user_id_6a12ed8b_fk_auth_user_id; Type: FK CONSTRAINT; Schema: public; Owner: postgres
--

ALTER TABLE ONLY public.auth_user_groups
    ADD CONSTRAINT auth_user_groups_user_id_6a12ed8b_fk_auth_user_id FOREIGN KEY (user_id) REFERENCES public.auth_user(id) DEFERRABLE INITIALLY DEFERRED;


--
-- Name: auth_user_user_permissions auth_user_user_permi_permission_id_1fbb5f2c_fk_auth_perm; Type: FK CONSTRAINT; Schema: public; Owner: postgres
--

ALTER TABLE ONLY public.auth_user_user_permissions
    ADD CONSTRAINT auth_user_user_permi_permission_id_1fbb5f2c_fk_auth_perm FOREIGN KEY (permission_id) REFERENCES public.auth_permission(id) DEFERRABLE INITIALLY DEFERRED;


--
-- Name: auth_user_user_permissions auth_user_user_permissions_user_id_a95ead1b_fk_auth_user_id; Type: FK CONSTRAINT; Schema: public; Owner: postgres
--

ALTER TABLE ONLY public.auth_user_user_permissions
    ADD CONSTRAINT auth_user_user_permissions_user_id_a95ead1b_fk_auth_user_id FOREIGN KEY (user_id) REFERENCES public.auth_user(id) DEFERRABLE INITIALLY DEFERRED;


--
-- Name: django_admin_log django_admin_log_content_type_id_c4bce8eb_fk_django_co; Type: FK CONSTRAINT; Schema: public; Owner: postgres
--

ALTER TABLE ONLY public.django_admin_log
    ADD CONSTRAINT django_admin_log_content_type_id_c4bce8eb_fk_django_co FOREIGN KEY (content_type_id) REFERENCES public.django_content_type(id) DEFERRABLE INITIALLY DEFERRED;


--
-- Name: django_admin_log django_admin_log_user_id_c564eba6_fk_auth_user_id; Type: FK CONSTRAINT; Schema: public; Owner: postgres
--

ALTER TABLE ONLY public.django_admin_log
    ADD CONSTRAINT django_admin_log_user_id_c564eba6_fk_auth_user_id FOREIGN KEY (user_id) REFERENCES public.auth_user(id) DEFERRABLE INITIALLY DEFERRED;


--
-- PostgreSQL database dump complete
--

